Item,Value,Mean Value per Class,Max Value,Resource with Max Value,Description
Number of Classes,9.0,0.0,2.0,MergeModule.java,Return the number of classes and inner classes of a class in a project.
Lines of Code,572.0,63.55555555555556,115.0,MergeOptionsPaneTest.java,Number of the lines of the code in a project.
Number of Methods,40.0,4.444444444444445,10.0,MergeParametersBuilder.java,The number of methods in a project.
Number of Attributes,33.0,3.6666666666666665,8.0,MergeParametersBuilder.java,The number of attributes in a project.
Cyclomatic Complexity,45.0,5.000000000000002,2.0,MergeSelectionPane.java,It is calculated based on the number of different possible paths through the source code.
Weight Methods per Class,45.0,5.000000000000002,2.0,MergeSelectionPane.java,It is the sum of the complexities of all class methods.
Depth of Inheritance Tree,24.0,2.666666666666667,7.0,MergeSelectionPane.java,Provides the position of the class in the inheritance tree.
Number of Children,0.0,0.0,0.0,,It is the number of direct descendants (subclasses) for each class.
Coupling between Objects,8.0,0.8888888888888888,1.0,MergeParametersBuilder.java,Total of the number of classes that a class referenced plus the number of classes that referenced the class.
Fan-out,8.0,0.8888888888888888,1.0,MergeParametersBuilder.java,Defined as the number of other classes referenced by a class.
Response for Class,62.0,6.888888888888889,21.0,MergeParametersBuilder.java,Measures the complexity of the class in terms of method calls. It is calculated by adding the number of methods in the class (not including inherited methods) plus the number of distinct method calls made by the methods in the class (each method call is counted only once even if it is called from different methods).
Lack of Cohesion of Methods,36.0,4.0,10.0,MergeParametersBuilder.java,LCOM defined by CK.
Lack of Cohesion of Methods 2,2.9107142857142856,0.3234126984126984,0.875,MergeParametersBuilder.java,"It is the percentage of methods that do not access a specific attribute averaged over all attributes in the class. If the number of methods or attributes is zero, LCOM2 is undefined and displayed as zero."
Lack of Cohesion of Methods 4,31.0,3.444444444444444,8.0,MergeParametersBuilder.java,"LCOM4 measures the number of 'connected components' in a class. A connected component is a set of related methods and fields. There should be only one such component in each class. If there are 2 or more components, the class should be split into so many smaller classes."
Tight Class Cohesion,2.003,0.22255555555555556,1.2,MergeOptionsPane.java,"Measures the 'connection density', so to speak (while LCC is only affected by whether the methods are connected at all)."
Loose Class Cohesion,2.0025,0.2225,1.2,MergeOptionsPane.java,Measures the overall connectedness. It depends on the number of methods and how they group together.
