Item,Value,Mean Value per Class,Max Value,Resource with Max Value,Description
Number of Packages,3.0,0.0,1.0,,Total number of packages in a project
Number of Lambdas,8.0,0.0,4.0,RotateOptionsPane.java,Total number of lambda expression used in a class
Number of Interfaces,0.0,0.0,0.0,,Total number of interfaces in a project
Number of Method References,3.0,0.3333333333333333,2.0,RotateOptionsPane.java,Total number of method references used in a class
Number of Modules,0.0,0.0,0.0,,Total number of modules used in a project
Efferent Coupling,146.0,16.22222222222222,32.0,RotateModule.java,The number of classes inside a package that depend on classes outside the package.
Afferent Coupling,0.0,0.0,0.0,,The number of classes outside a package that depend on classes inside the package.
Abstractness,0.0,0.0,0.0,,The number of abstract classes (and interfaces) divided by the total number of types in a package.
Instability,7.0,0.7777777777777777,1.0,RotateOptionsPane.java,Ce/(Ca + Ce) - indicates the necessity of performing modifications in an entity due to updates occurred in other software entities.
Distance from the Main Sequence,1.0,0.1111111111111111,1.0,Cycles.java,"| A + I - 1 |, this number should be small, close to zero for good packaging design."
